{
  "keyboard_name": "Uni660",
  "url": "",
  "maintainer": "qmk",
  "width": 12,
  "height": 5.75,
  "layouts": {
    "LAYOUT": {
      "layout": [{"x":0, "y":0.75}, {"x":1, "y":0.25}, {"x":2, "y":0}, {"x":3, "y":0.25}, {"x":4, "y":0.125}, {"x":7, "y":0.125}, {"x":8, "y":0.25}, {"x":9, "y":0}, {"x":10, "y":0.25}, {"x":11, "y":0.75}, {"x":0, "y":1.75}, {"x":1, "y":1.25}, {"x":2, "y":1}, {"x":3, "y":1.25}, {"x":4, "y":1.125}, {"x":7, "y":1.125}, {"x":8, "y":1.25}, {"x":9, "y":1}, {"x":10, "y":1.25}, {"x":11, "y":1.75}, {"x":0, "y":2.75}, {"x":1, "y":2.25}, {"x":2, "y":2}, {"x":3, "y":2.25}, {"x":4, "y":2.125}, {"x":7, "y":2.125}, {"x":8, "y":2.25}, {"x":9, "y":2}, {"x":10, "y":2.25}, {"x":11, "y":2.75}, {"x":1.5, "y":3.75}, {"x":2.5, "y":3.75}, {"x":3.5, "y":3.75}, {"x":4.5, "y":3.75}, {"x":6.5, "y":3.75}, {"x":7.5, "y":3.75}, {"x":8.5, "y":3.75}, {"x":9.5, "y":3.75}, {"x":1.5, "y":4.75}, {"x":2.5, "y":4.75}, {"x":3.5, "y":4.75}, {"x":4.5, "y":4.75}, {"x":6.5, "y":4.75}, {"x":7.5, "y":4.75}, {"x":8.5, "y":4.75}, {"x":9.5, "y":4.75}]
    }
  }
}
